lr-AdamW,step,valid/recon/sess0,valid/loss,valid/recon,valid/bps,valid/co_bps,valid/fp_bps,valid/r2,valid/wt_l2,valid/wt_l2/ramp,valid/wt_kl,valid/wt_kl/ic,valid/wt_kl/co,valid/wt_kl/ramp,valid/recon_smth,hp_metric,cur_epoch,hp/lr_init,hp/dropout_rate,hp/l2_ic_enc_scale,hp/l2_ci_enc_scale,hp/l2_gen_scale,hp/l2_con_scale,hp/kl_co_scale,hp/kl_ic_scale,hp/weight_decay,hp/cd_rate,epoch,train/recon/sess0,train/loss,train/recon,train/bps,train/co_bps,train/fp_bps,train/r2,train/wt_l2,train/wt_l2/ramp,train/wt_kl,train/wt_kl/ic,train/wt_kl/co,train/wt_kl/ramp
0.004,0,,,,,,,,,,,,,,,,,,,,,,,,,,,,,,,,,,,,,,,,
,0,0.9924749732017517,9924.75,0.9924749732017517,-1.0,-1.0,-1.0,nan,0.0,0.012345679104328156,0.0,0.0,0.0,0.012345679104328156,1.0098015069961548,0.9924749732017517,0.0,0.004000000189989805,0.019999999552965164,0.0,0.0,0.0,0.0,0.0,0.0,0.0,0.30000001192092896,0,,,,,,,,,,,,,
,0,,,,,,,,,,,,,,,,,,,,,,,,,,,0,1.0510613918304443,10510.6142578125,1.0510613918304443,-1.0,-1.0,-1.0,nan,0.0,0.012345679104328156,0.0,0.0,0.0,0.012345679104328156
0.004,1,,,,,,,,,,,,,,,,,,,,,,,,,,,,,,,,,,,,,,,,
,1,0.9317760467529297,9317.7607421875,0.9317760467529297,-1.0,-1.0,-1.0,nan,0.0,0.02469135820865631,0.0,0.0,0.0,0.02469135820865631,0.9551836252212524,0.9317760467529297,1.0,0.004000000189989805,0.019999999552965164,0.0,0.0,0.0,0.0,0.0,0.0,0.0,0.30000001192092896,1,,,,,,,,,,,,,
,1,,,,,,,,,,,,,,,,,,,,,,,,,,,1,0.9918646216392517,9918.646484375,0.9918646216392517,-1.0,-1.0,-1.0,nan,0.0,0.02469135820865631,0.0,0.0,0.0,0.02469135820865631
